Source,Target,Type,Id,Label,timeset,Weight,filter_cluster 4
ORVEO2KgZLQ,_GehsgetDxs,Directed,0,,,1,false
ORVEO2KgZLQ,kUkgByL7UuQ,Directed,1,,,1,false
ORVEO2KgZLQ,__DWdSx_V5M,Directed,2,,,1,false
ORVEO2KgZLQ,7GfoyOLy4r8,Directed,3,,,1,false
ORVEO2KgZLQ,vHwNxAa21v4,Directed,4,,,1,false
ORVEO2KgZLQ,iQWBe4LRdFg,Directed,5,,,1,false
ORVEO2KgZLQ,VB1D4mdJri0,Directed,6,,,1,false
__DWdSx_V5M,B5hlAaQUIRY,Directed,7,,,1,false
__DWdSx_V5M,GZGY0wPAnus,Directed,8,,,1,true
__DWdSx_V5M,vY5jShsuc_g,Directed,9,,,1,false
__DWdSx_V5M,kUkgByL7UuQ,Directed,10,,,1,true
__DWdSx_V5M,iQWBe4LRdFg,Directed,11,,,1,false
__DWdSx_V5M,nUJ5paWWJig,Directed,12,,,1,false
4kUrvgCUBMc,nUJ5paWWJig,Directed,142,,,1,false
_GehsgetDxs,ORVEO2KgZLQ,Directed,143,,,1,false
